<?xml version="1.0" encoding="UTF-8"?>
<beans xmlns="http://www.springframework.org/schema/beans"
	xmlns:xsi="http://www.w3.org/2001/XMLSchema-instance"
	xmlns:aop="http://www.springframework.org/schema/aop"
	xmlns:context="http://www.springframework.org/schema/context"
	xsi:schemaLocation="http://www.springframework.org/schema/beans http://www.springframework.org/schema/beans/spring-beans.xsd
		http://www.springframework.org/schema/aop https://www.springframework.org/schema/aop/spring-aop-4.3.xsd
		http://www.springframework.org/schema/context https://www.springframework.org/schema/context/spring-context-4.3.xsd">

<bean id="e1" class="com.Employee">
<property name="employeeId" value="101"></property>
<property name="employeeName" value="Mahesh"></property>
<property name="salary" value="58000"></property>

</bean>
<bean id="e2" class="com.Employee">
<property name="employeeId" value="102"></property>
<property name="employeeName" value="Vishal"></property>
<property name="salary" value="56000"></property>

</bean>
<bean id="e3" class="com.Employee">
<property name="employeeId" value="103"></property>
<property name="employeeName" value="Manoj"></property>
<property name="salary" value="54000"></property>

</bean>
<bean id="s" class="com.SBU">
<property name="sbuId" value="102"></property>
<property name="sbuName" value="Ramesh"></property>
<property name="sbuHead" value="Engineering Manager"></property>
<property name="employees">
        <list value-type="com.Employee">
            <ref bean="e1"/>
            <ref bean="e2"/>
            <ref bean="e3"/>
        </list>
    </property>
</bean>
</beans>
