<?xml version="1.0" encoding="UTF-8"?>
<beans xmlns="http://www.springframework.org/schema/beans"
	xmlns:xsi="http://www.w3.org/2001/XMLSchema-instance"
	xmlns:aop="http://www.springframework.org/schema/aop"
	xmlns:context="http://www.springframework.org/schema/context"
	xsi:schemaLocation="http://www.springframework.org/schema/beans http://www.springframework.org/schema/beans/spring-beans.xsd
		http://www.springframework.org/schema/aop https://www.springframework.org/schema/aop/spring-aop-4.3.xsd
		http://www.springframework.org/schema/context https://www.springframework.org/schema/context/spring-context-4.3.xsd">

<bean id="e" class="com.Employee">
<property name="employeeId" value="101"></property>
<property name="employeeName" value="Mahesh"></property>
<property name="salary" value="58000"></property>
<property name="businessUnit" value="HR"></property>
<property name="age" value="25"></property>
<property name="sbu" ref="s"></property>
</bean>
<bean id="s" class="com.SBU">
<property name="sbuId" value="102"></property>
<property name="sbuName" value="Ramesh"></property>
<property name="sbuHead" value="Engineering Manager"></property>
</bean>
</beans>
